1,"Jaeden                                                                                              ","Sauer                                                                                     ","Murray                                                                          ",1983-05-14,1983-12-11,42949672,"79402 Johnston Squares Apt. 924                                                                               "
2,"Felipa                                                                                              ","Braun                                                                                     ","Huel                                                                            ",2018-07-22,1984-01-06,42,"709 Marjolaine Alley Suite 196                                                                                "
3,"Lesly                                                                                               ","Gusikowski                                                                                ","Bergstrom                                                                       ",1999-09-19,1972-06-21,0,"53628 Lockman Crossing                                                                                        "
4,"Karlee                                                                                              ","Feest                                                                                     ","Kuhlman                                                                         ",2007-05-09,2018-03-31,711247,"37575 Winona Springs                                                                                          "
5,"Arturo                                                                                              ","Robel                                                                                     ","Wiza                                                                            ",1973-07-12,2005-07-14,921803,"51530 Reichert Mission                                                                                        "
6,"Anne                                                                                                ","Block                                                                                     ","Hirthe                                                                          ",1995-11-28,2006-12-10,1,"269 Schoen Cove Suite 904                                                                                     "
7,"Pearline                                                                                            ","Altenwerth                                                                                ","Skiles                                                                          ",1997-04-02,1991-07-31,868678,"857 Casimer Summit Apt. 986                                                                                   "
8,"Eva                                                                                                 ","Witting                                                                                   ","Altenwerth                                                                      ",1987-01-10,1977-10-28,586,"17515 Abe Prairie Apt. 339                                                                                    "
9,"Theodora                                                                                            ","Hintz                                                                                     ","Kiehn                                                                           ",2018-06-12,1995-06-10,148412,"7346 Lang Mission Apt. 136                                                                                    "
10,"Dangelo                                                                                             ","Kreiger                                                                                   ","Mante                                                                           ",1975-05-28,1994-11-23,1,"519 Lea Plains Apt. 044                                                                                       "
11,"Louisa                                                                                              ","Franecki                                                                                  ","Zboncak                                                                         ",2009-01-28,1984-11-15,0,"7919 Brakus Knoll Apt. 444                                                                                    "
12,"Roslyn                                                                                              ","Hoeger                                                                                    ","Hodkiewicz                                                                      ",1993-09-08,1980-03-22,52309148,"432 Ashlynn Common                                                                                            "
13,"Mercedes                                                                                            ","Nikolaus                                                                                  ","Legros                                                                          ",1990-04-29,1973-06-07,301109,"38867 Connelly Plaza Suite 874                                                                                "
14,"Jordane                                                                                             ","Stiedemann                                                                                ","Flatley                                                                         ",1976-01-24,1998-01-29,1,"896 Kihn Square Suite 925                                                                                     "
15,"Kelvin                                                                                              ","Runolfsson                                                                                ","Balistreri                                                                      ",1997-10-01,2018-01-19,514,"36526 Paucek Meadows                                                                                          "
16,"Jackeline                                                                                           ","Berge                                                                                     ","Kihn                                                                            ",1983-08-29,2014-10-16,5,"840 Twila Prairie                                                                                             "
17,"Jaqueline                                                                                           ","Borer                                                                                     ","Barton                                                                          ",1974-09-29,1972-02-29,1,"85563 Jarrod Tunnel Suite 248                                                                                 "
18,"Markus                                                                                              ","McClure                                                                                   ","Farrell                                                                         ",2012-09-26,1990-10-03,395,"166 Lebsack Village Apt. 920                                                                                  "
19,"Ashton                                                                                              ","Nitzsche                                                                                  ","Shanahan                                                                        ",2012-03-14,1971-05-15,1,"4060 Kutch Parkway                                                                                            "
20,"Vaughn                                                                                              ","Wolf                                                                                      ","Johns                                                                           ",1975-09-12,1995-04-17,0,"125 Lia Rest                                                                                                  "
21,"Lea                                                                                                 ","Kuhic                                                                                     ","Schoen                                                                          ",2002-10-24,2009-08-03,613,"5359 Brandi Oval                                                                                              "
22,"Rodrigo                                                                                             ","Osinski                                                                                   ","Krajcik                                                                         ",1980-11-28,2008-02-09,266230,"446 Ebba Station Apt. 563                                                                                     "
23,"Donnie                                                                                              ","Satterfield                                                                               ","Emard                                                                           ",1992-02-01,1991-10-09,891580,"9152 Quigley Mews                                                                                             "
24,"Estrella                                                                                            ","Franecki                                                                                  ","Gislason                                                                        ",1985-07-14,2001-05-20,539,"7294 Ole Tunnel                                                                                               "
25,"Vicenta                                                                                             ","Turner                                                                                    ","Ruecker                                                                         ",2012-04-15,1977-07-27,206,"6101 Goldner Walks Suite 052                                                                                  "
26,"Arne                                                                                                ","Douglas                                                                                   ","Hirthe                                                                          ",2015-01-14,2013-06-20,536,"7844 Bogan Lane Suite 500                                                                                     "
27,"Walter                                                                                              ","Crooks                                                                                    ","Baumbach                                                                        ",1988-04-10,2020-02-08,899304,"77946 Harber Highway Suite 812                                                                                "
28,"Keagan                                                                                              ","Jacobs                                                                                    ","Schuster                                                                        ",2010-10-26,1985-12-02,0,"8616 Dayana Meadows                                                                                           "
29,"Elta                                                                                                ","Hartmann                                                                                  ","Metz                                                                            ",2008-04-25,2016-04-04,357631,"566 Carmel Dam Apt. 454                                                                                       "
30,"Kadin                                                                                               ","Schneider                                                                                 ","Koch                                                                            ",1990-11-13,1975-10-17,1,"7757 Libby Road Suite 257                                                                                     "
31,"Norbert                                                                                             ","DuBuque                                                                                   ","Dietrich                                                                        ",2002-08-15,1985-08-27,609753,"05571 Zieme Mount                                                                                             "
32,"Moshe                                                                                               ","Mertz                                                                                     ","Green                                                                           ",1977-09-23,1983-01-29,42949672,"4102 Tierra Falls Suite 485                                                                                   "
33,"Ernest                                                                                              ","Terry                                                                                     ","Trantow                                                                         ",2020-09-15,1999-04-05,1,"52791 Breanna Dam Apt. 739                                                                                    "
34,"Kenton                                                                                              ","Corwin                                                                                    ","Bailey                                                                          ",1978-05-27,1999-08-15,58991,"03284 Mae Spur Suite 452                                                                                      "
35,"Alivia                                                                                              ","Witting                                                                                   ","Morar                                                                           ",1999-12-02,1987-01-05,230998,"154 Sipes Forges                                                                                              "
36,"Ryann                                                                                               ","Hintz                                                                                     ","Gottlieb                                                                        ",1983-12-22,1980-03-30,1,"6951 Kuhn Avenue                                                                                              "
37,"Edgardo                                                                                             ","Orn                                                                                       ","Schinner                                                                        ",1974-10-22,2004-08-11,331,"081 Ebert Roads                                                                                               "
38,"Lilyan                                                                                              ","Collins                                                                                   ","Schmidt                                                                         ",1982-01-18,1995-02-01,57,"374 Deborah Course Suite 015                                                                                  "
39,"Ocie                                                                                                ","Swaniawski                                                                                ","Crooks                                                                          ",2006-05-25,1982-04-11,789028,"712 Jennifer Oval                                                                                             "
40,"Donny                                                                                               ","Fisher                                                                                    ","Corkery                                                                         ",1977-11-14,1990-12-23,1,"142 Yost Trail Apt. 359                                                                                       "
41,"Ernestina                                                                                           ","Collier                                                                                   ","Haley                                                                           ",2005-06-05,2000-01-23,1,"5460 London Pass Suite 340                                                                                    "
42,"Hal                                                                                                 ","Macejkovic                                                                                ","Becker                                                                          ",1996-01-28,1990-09-24,95,"8422 Lockman Brook                                                                                            "
43,"Berniece                                                                                            ","Maggio                                                                                    ","Rath                                                                            ",1987-05-30,1980-10-16,1,"9984 Erdman Brooks Apt. 971                                                                                   "
44,"Adeline                                                                                             ","McCullough                                                                                ","Eichmann                                                                        ",2016-05-04,1978-03-09,0,"453 Jacklyn Ford                                                                                              "
45,"Tabitha                                                                                             ","Fahey                                                                                     ","Gleichner                                                                       ",1980-08-07,2011-08-18,1,"80752 Crystel Locks                                                                                           "
46,"Kennedy                                                                                             ","Watsica                                                                                   ","Nader                                                                           ",1980-05-24,1971-02-25,1,"0734 Ned Cape Apt. 397                                                                                        "
47,"Randal                                                                                              ","Powlowski                                                                                 ","Schmeler                                                                        ",2006-04-18,2020-01-27,1,"4923 Reggie Wall Suite 546                                                                                    "
48,"Ila                                                                                                 ","Sauer                                                                                     ","Towne                                                                           ",1986-11-26,1976-10-30,0,"168 Bosco Circles Suite 989                                                                                   "
49,"Tiffany                                                                                             ","McKenzie                                                                                  ","Rohan                                                                           ",2012-08-05,2006-05-28,1,"324 Frederique Run                                                                                            "
50,"Kaya                                                                                                ","Abshire                                                                                   ","Flatley                                                                         ",1977-07-26,1999-12-01,1,"4474 Olson Mill                                                                                               "
51,"Weston                                                                                              ","Stehr                                                                                     ","Rosenbaum                                                                       ",2000-01-03,1996-05-31,0,"8540 Trisha Crossing Apt. 074                                                                                 "
52,"Amara                                                                                               ","Treutel                                                                                   ","Osinski                                                                         ",2013-07-04,1973-12-29,2,"11043 O\Kon Motorway Apt. 541                                                                                 "
53,"Dorcas                                                                                              ","Hyatt                                                                                     ","Olson                                                                           ",1980-04-01,2009-07-26,1,"844 Jaylan Rapid                                                                                              "
54,"Lamar                                                                                               ","Jacobi                                                                                    ","Torp                                                                            ",2017-09-20,2019-03-28,835,"4434 Ethan View Apt. 272                                                                                      "
55,"Enrico                                                                                              ","Hegmann                                                                                   ","Howell                                                                          ",2008-06-03,2018-08-30,254459,"5553 Walker Fall Suite 651                                                                                    "
56,"Ettie                                                                                               ","O\Reilly                                                                                  ","Simonis                                                                         ",1989-12-11,2020-01-20,42949672,"319 Michaela Fork Apt. 341                                                                                    "
57,"Lilian                                                                                              ","Yost                                                                                      ","Pollich                                                                         ",1999-12-26,1972-06-07,0,"90919 Marcelina Underpass                                                                                     "
58,"Elva                                                                                                ","Schuster                                                                                  ","McGlynn                                                                         ",1994-10-18,1975-01-07,42949672,"872 DuBuque Dam                                                                                               "
59,"Lesley                                                                                              ","Daugherty                                                                                 ","Dietrich                                                                        ",2019-11-13,1998-04-19,67,"55238 Zulauf Meadows                                                                                          "
60,"Daisha                                                                                              ","Goldner                                                                                   ","Rosenbaum                                                                       ",2007-09-16,1987-06-11,956,"3377 Fredy Route Apt. 386                                                                                     "
61,"Myrtis                                                                                              ","Armstrong                                                                                 ","Beatty                                                                          ",1983-11-14,2013-06-26,171,"560 Gutmann Cliff Suite 383                                                                                   "
62,"Marcia                                                                                              ","Kuhn                                                                                      ","Tremblay                                                                        ",1973-09-01,1972-05-26,737,"2611 Walker Point                                                                                             "
63,"Sonia                                                                                               ","Klein                                                                                     ","Hane                                                                            ",1992-12-21,1972-08-07,1,"0558 Anderson Ports                                                                                           "
64,"Sidney                                                                                              ","Pagac                                                                                     ","Bahringer                                                                       ",1981-07-20,1991-05-15,1,"998 Boyer Union                                                                                               "
65,"Gus                                                                                                 ","Smitham                                                                                   ","Bogan                                                                           ",2006-05-19,1977-12-02,1,"618 Pollich Avenue Suite 035                                                                                  "
66,"Caesar                                                                                              ","Schinner                                                                                  ","Brekke                                                                          ",2007-09-14,1985-10-29,1,"756 Amelie Manors Suite 409                                                                                   "
67,"Alysha                                                                                              ","Adams                                                                                     ","Larkin                                                                          ",2006-04-14,1979-03-21,220074,"5028 Carroll Ports                                                                                            "
68,"Lenora                                                                                              ","Mertz                                                                                     ","Jerde                                                                           ",2016-02-18,1986-07-20,0,"45448 Holly Cliff                                                                                             "
69,"Bennett                                                                                             ","Jerde                                                                                     ","Ullrich                                                                         ",2012-08-04,2002-01-29,381,"6380 Monahan Falls Suite 335                                                                                  "
70,"Aliza                                                                                               ","Fisher                                                                                    ","Emard                                                                           ",2014-02-17,2009-02-28,365,"574 Natasha Street Apt. 556                                                                                   "
71,"Sage                                                                                                ","Jakubowski                                                                                ","Hagenes                                                                         ",2007-06-13,1972-10-06,457,"034 Gage Underpass Apt. 261                                                                                   "
72,"Lambert                                                                                             ","Tremblay                                                                                  ","O\Keefe                                                                         ",2008-02-23,2002-08-13,42949672,"55573 Kallie Garden Suite 389                                                                                 "
73,"Liza                                                                                                ","Towne                                                                                     ","Weber                                                                           ",1998-03-25,2014-02-27,1,"60469 Harrison Mission Suite 618                                                                              "
74,"Cordie                                                                                              ","Bahringer                                                                                 ","Rowe                                                                            ",2013-05-29,2001-02-19,431190,"48315 Rosella Valley                                                                                          "
75,"Lura                                                                                                ","Ledner                                                                                    ","Brekke                                                                          ",1994-05-13,1994-04-02,1,"953 Eileen Prairie Apt. 815                                                                                   "
76,"Nicholas                                                                                            ","Kessler                                                                                   ","Jones                                                                           ",1988-06-14,1992-09-09,96435,"402 Torp Cape Apt. 811                                                                                        "
77,"Mozelle                                                                                             ","Thiel                                                                                     ","Bauch                                                                           ",1994-07-17,1982-02-14,391500,"78920 Darren Ferry Apt. 428                                                                                   "
78,"Shawn                                                                                               ","Botsford                                                                                  ","Wuckert                                                                         ",1972-06-29,2008-03-13,520690,"28285 Price Island Apt. 015                                                                                   "
79,"Opal                                                                                                ","Lakin                                                                                     ","Casper                                                                          ",1993-02-17,1988-10-04,0,"9117 Kari Hills Apt. 663                                                                                      "
80,"Dameon                                                                                              ","Weissnat                                                                                  ","Kuhic                                                                           ",2002-05-26,1984-08-19,1,"62282 Pacocha Lakes                                                                                           "
81,"Jackie                                                                                              ","Collier                                                                                   ","Heller                                                                          ",2014-03-29,1999-12-30,364547,"3515 Gleason Mews                                                                                             "
82,"Daniela                                                                                             ","Schuster                                                                                  ","Kuphal                                                                          ",2020-05-12,2004-08-13,1,"939 Mabelle Crescent Suite 734                                                                                "
83,"Fanny                                                                                               ","Emmerich                                                                                  ","Morar                                                                           ",2008-09-29,1984-03-30,98,"7548 Anika Heights                                                                                            "
84,"Evie                                                                                                ","Frami                                                                                     ","O\Conner                                                                        ",1974-08-30,1993-12-29,1,"70358 Danielle Way                                                                                            "
85,"Janick                                                                                              ","Rohan                                                                                     ","Lehner                                                                          ",1996-02-05,2001-06-17,798155,"04860 Grant Ferry                                                                                             "
86,"Antonette                                                                                           ","Schneider                                                                                 ","Ebert                                                                           ",1971-08-05,1971-08-28,1,"65216 Margarette Glens                                                                                        "
87,"Nikko                                                                                               ","Gorczany                                                                                  ","Ferry                                                                           ",2019-05-05,1995-08-11,129252,"9854 Rippin Ferry                                                                                             "
88,"Marcelino                                                                                           ","Homenick                                                                                  ","Kunze                                                                           ",2006-07-14,1986-05-19,649856,"31423 Cordia Roads                                                                                            "
89,"Stanley                                                                                             ","Bashirian                                                                                 ","Gislason                                                                        ",2006-10-23,1989-07-25,0,"6582 Trantow Brooks Suite 268                                                                                 "
90,"Bernadette                                                                                          ","Goyette                                                                                   ","Toy                                                                             ",2008-01-05,1981-05-02,72,"712 Jerde Walks Suite 973                                                                                     "
91,"Melisa                                                                                              ","Gottlieb                                                                                  ","Hoeger                                                                          ",1972-07-16,2015-05-23,674619,"3407 Ray Garden                                                                                               "
92,"Jayden                                                                                              ","Ledner                                                                                    ","McGlynn                                                                         ",1974-03-15,2010-01-05,467107,"262 Haleigh Turnpike Suite 136                                                                                "
93,"Aniyah                                                                                              ","O\Kon                                                                                     ","Pagac                                                                           ",1974-02-23,2002-10-01,1,"751 Schiller Ranch Suite 145                                                                                  "
94,"Caitlyn                                                                                             ","Kerluke                                                                                   ","Jakubowski                                                                      ",2012-10-07,2020-01-09,0,"151 Welch Burg                                                                                                "
95,"Carissa                                                                                             ","Schuster                                                                                  ","Hoeger                                                                          ",2015-09-16,2017-10-16,0,"6929 Alphonso Crescent Suite 841                                                                              "
96,"Jettie                                                                                              ","Will                                                                                      ","Cassin                                                                          ",2000-11-15,1980-05-26,1,"15563 Koch Crescent                                                                                           "
97,"Lola                                                                                                ","Witting                                                                                   ","Langworth                                                                       ",1995-11-12,1980-02-17,0,"4866 Granville Pass                                                                                           "
98,"Petra                                                                                               ","Daniel                                                                                    ","Kessler                                                                         ",1985-07-06,1990-07-14,134,"56631 Theresia Prairie                                                                                        "
99,"Diana                                                                                               ","Rau                                                                                       ","Leannon                                                                         ",1980-12-05,1971-10-06,877,"958 Jayde Mews Suite 918                                                                                      "
100,"Zoe                                                                                                 ","Ritchie                                                                                   ","Bednar                                                                          ",2017-02-15,1988-11-17,0,"727 Quincy Lodge Suite 338                                                                                    "
