1,"Cercado-Oficina Central                                                                             ","Av Circunvalacion y Final America Este                                                                        ",4409223,"Lamont                                                                                    ","Kody                                                                            ","                                                                      "
2,"Cercado-Oficina del Sur                                                                             ","Av Final Panamericana Zona Molle Molle                                                                        ",4412475,"Reva                                                                                      ","Turner                                                                          ","                                                                      "
3,"Sacaba                                                                                              ","Russel Vista Suite 815                                                                                        ",4161468,"Lilla                                                                                     ","Raymundo                                                                        ","1                                                                     "
4,"Quillacollo                                                                                         ","Retta Heights Apt. 864                                                                                        ",4881938,"Agustina                                                                                  ","Amber                                                                           ","                                                                      "
5,"Portugal                                                                                            ","78520 Manuel Crossing Suite 169                                                                               ",4471293,"Dayton                                                                                    ","Cynthia                                                                         ","                                                                      "
6,"Guam                                                                                                ","75171 Lexi Field                                                                                              ",4513361,"Yasmeen                                                                                   ","Isabelle                                                                        ","1                                                                     "
7,"Saint Barthelemy                                                                                    ","991 Ben Expressway                                                                                            ",4571106,"German                                                                                    ","Kaylin                                                                          ","                                                                      "
8,"United States Minor Outlying Islands                                                                ","722 Fadel Square Apt. 589                                                                                     ",4871137,"Effie                                                                                     ","Cordia                                                                          ","                                                                      "
9,"Western Sahara                                                                                      ","3148 Lloyd Drives                                                                                             ",43016696,"William                                                                                   ","Vicky                                                                           ","                                                                      "
10,"Russian Federation                                                                                  ","07439 Courtney Key                                                                                            ",4532406,"Aisha                                                                                     ","Brisa                                                                           ","1                                                                     "
11,"Northern Mariana Islands                                                                            ","57122 Ernestina Brooks                                                                                        ",46165815,"Kenny                                                                                     ","Brad                                                                            ","                                                                      "
12,"Namibia                                                                                             ","5757 Evans Meadows Apt. 603                                                                                   ",4229939,"Nicholaus                                                                                 ","Tatyana                                                                         ","1                                                                     "
13,"Tajikistan                                                                                          ","02311 Name Trafficway Suite 099                                                                               ",4209728,"Gage                                                                                      ","Jeremy                                                                          ","1                                                                     "
14,"Sierra Leone                                                                                        ","5489 Maxime Lane Suite 934                                                                                    ",4272277,"Tony                                                                                      ","Clint                                                                           ","                                                                      "
15,"Congo                                                                                               ","2954 O\Reilly Shoal Suite 150                                                                                 ",4925495,"Antonia                                                                                   ","Kirsten                                                                         ","1                                                                     "
16,"Sierra Leone                                                                                        ","2843 Grant Curve                                                                                              ",4645831,"Tabitha                                                                                   ","Rosie                                                                           ","1                                                                     "
17,"Cayman Islands                                                                                      ","218 Linnea Ports Suite 685                                                                                    ",4196620,"Nico                                                                                      ","Junius                                                                          ","                                                                      "
18,"Chile                                                                                               ","703 Donnelly Course                                                                                           ",4706691,"Craig                                                                                     ","Sedrick                                                                         ","1                                                                     "
19,"Svalbard & Jan Mayen Islands                                                                        ","1568 Mann Spurs                                                                                               ",4203904,"Mikel                                                                                     ","Leonor                                                                          ","1                                                                     "
20,"British Virgin Islands                                                                              ","244 Reilly Divide                                                                                             ",40717310,"Raymundo                                                                                  ","Lizzie                                                                          ","1                                                                     "
21,"Cameroon                                                                                            ","2252 Hammes Shoals Apt. 866                                                                                   ",4887934,"Vesta                                                                                     ","Larissa                                                                         ","                                                                      "
